algorithm,scenario,seed,RFI,cumulative_sla_violations,Delays,Power Consumption,drop,cloud,workload
tetris,2ec_high_off,123456789,0.22277992277992276,13,30.0,204.3482650793651,0,off,high
tetris,2ec_high_off,135792468,0.2361003861003861,18,32.10526315789474,204.3482650793651,0,off,high
tetris,2ec_high_off,141421356,0.29659863945578235,29,32.758620689655174,208.19089753086422,0,off,high
tetris,2ec_high_off,161803398,0.2819241982507289,29,32.758620689655174,208.19089753086422,0,off,high
tetris,2ec_high_off,173205080,0.28459669582118563,28,29.310344827586206,208.19089753086422,0,off,high
tetris,2ec_high_off,200496737,0.21093951093951094,19,32.10526315789474,204.3482650793651,0,off,high
tetris,2ec_high_off,223606797,0.27099125364431487,29,29.310344827586206,208.19089753086422,0,off,high
tetris,2ec_high_off,246813579,0.22927927927927927,12,32.10526315789474,204.3482650793651,0,off,high
tetris,2ec_high_off,271828182,0.27764820213799807,29,32.758620689655174,208.19089753086422,0,off,high
tetris,2ec_high_off,299792458,0.28362487852283774,29,32.758620689655174,208.19089753086422,0,off,high
tetris,2ec_high_off,314159265,0.21364221364221364,13,30.0,204.3482650793651,0,off,high
tetris,2ec_high_off,428956419,0.27954324586977647,21,32.758620689655174,208.19089753086422,0,off,high
tetris,2ec_high_off,564738291,0.2814382896015549,29,32.758620689655174,208.19089753086422,0,off,high
tetris,2ec_high_off,577215664,0.22477477477477475,19,30.0,204.3482650793651,0,off,high
tetris,2ec_high_off,602214076,0.2779397473275025,29,32.758620689655174,208.19089753086422,0,off,high
tetris,2ec_high_off,633816299,0.28751214771622935,20,29.310344827586206,208.19089753086422,0,off,high
tetris,2ec_high_off,675849302,0.27546161321671525,29,29.310344827586206,208.19089753086422,0,off,high
tetris,2ec_high_off,707106781,0.2416988416988417,19,32.10526315789474,204.3482650793651,0,off,high
tetris,2ec_high_off,794161987,0.22277992277992276,19,30.0,204.3482650793651,0,off,high
tetris,2ec_high_off,866025403,0.27546161321671525,28,29.310344827586206,208.19089753086422,0,off,high
tetris,2ec_high_off,918273645,0.2164092664092664,19,30.0,204.3482650793651,0,off,high
tetris,2ec_high_off,987654321,0.224002574002574,13,32.10526315789474,204.3482650793651,0,off,high
tetris,2ec_high_off,1029384756,0.22606177606177605,19,30.0,204.3482650793651,0,off,high
tetris,2ec_high_off,1123581321,0.22277992277992276,13,30.0,204.3482650793651,0,off,high
tetris,2ec_high_off,1145661099,0.2203989703989704,12,32.10526315789474,204.3482650793651,0,off,high
tetris,2ec_high_off,1282538739,0.2346203346203346,18,32.10526315789474,204.3482650793651,0,off,high
tetris,2ec_high_off,1329531353,0.27473275024295435,29,29.310344827586206,208.19089753086422,0,off,high
tetris,2ec_high_off,1410143363,0.2884839650145773,20,29.310344827586206,208.19089753086422,0,off,high
tetris,2ec_high_off,1835732737,0.22445302445302448,13,30.0,204.3482650793651,0,off,high
tetris,2ec_high_off,1954324947,0.21647361647361646,19,32.10526315789474,204.3482650793651,0,off,high
tetris,2ec_high_on,123456789,0.16395348837209303,29,78.27586206896552,194.2075331663325,0,on,high
tetris,2ec_high_on,135792468,0.14725829725829725,13,72.10526315789474,194.2779594575784,0,on,high
tetris,2ec_high_on,141421356,0.14155844155844155,19,72.10526315789474,194.2779594575784,0,on,high
tetris,2ec_high_on,161803398,0.15158730158730158,13,72.10526315789474,194.2779594575784,0,on,high
tetris,2ec_high_on,173205080,0.15287929125138427,22,78.27586206896552,194.2075331663325,0,on,high
tetris,2ec_high_on,200496737,0.13585858585858587,19,72.10526315789474,194.2779594575784,0,on,high
tetris,2ec_high_on,223606797,0.14717607973421926,29,78.27586206896552,194.2075331663325,0,on,high
tetris,2ec_high_on,246813579,0.16284606866002216,29,80.6896551724138,194.2075331663325,0,on,high
tetris,2ec_high_on,271828182,0.1583610188261351,22,80.6896551724138,194.2075331663325,0,on,high
tetris,2ec_high_on,299792458,0.13989898989898988,12,73.15789473684211,194.2779594575784,0,on,high
tetris,2ec_high_on,314159265,0.15509413067552602,28,78.27586206896552,194.2075331663325,0,on,high
tetris,2ec_high_on,428956419,0.15317460317460316,19,73.15789473684211,194.2779594575784,0,on,high
tetris,2ec_high_on,564738291,0.12070707070707071,19,72.10526315789474,194.2779594575784,0,on,high
tetris,2ec_high_on,577215664,0.1610188261351052,29,78.27586206896552,194.2075331663325,0,on,high
tetris,2ec_high_on,602214076,0.12950937950937952,13,73.15789473684211,194.2779594575784,0,on,high
tetris,2ec_high_on,633816299,0.1575036075036075,18,73.15789473684211,194.2779594575784,0,on,high
tetris,2ec_high_on,675849302,0.1518759018759019,13,72.10526315789474,194.2779594575784,0,on,high
tetris,2ec_high_on,707106781,0.1650609080841639,21,78.27586206896552,194.2075331663325,0,on,high
tetris,2ec_high_on,794161987,0.15317460317460316,13,72.10526315789474,194.2779594575784,0,on,high
tetris,2ec_high_on,866025403,0.13686868686868686,19,72.10526315789474,194.2779594575784,0,on,high
tetris,2ec_high_on,918273645,0.13268398268398268,13,72.10526315789474,194.2779594575784,0,on,high
tetris,2ec_high_on,987654321,0.15634920634920635,19,72.10526315789474,194.2779594575784,0,on,high
tetris,2ec_high_on,1029384756,0.13903654485049835,29,80.6896551724138,194.2075331663325,0,on,high
tetris,2ec_high_on,1123581321,0.15514950166112956,29,78.27586206896552,194.2075331663325,0,on,high
tetris,2ec_high_on,1145661099,0.15487264673311185,29,80.6896551724138,194.2075331663325,0,on,high
tetris,2ec_high_on,1282538739,0.15160575858250278,29,80.6896551724138,194.2075331663325,0,on,high
tetris,2ec_high_on,1329531353,0.1681096681096681,19,72.10526315789474,194.2779594575784,0,on,high
tetris,2ec_high_on,1410143363,0.15066445182724253,29,80.6896551724138,194.2075331663325,0,on,high
tetris,2ec_high_on,1835732737,0.13008658008658008,19,72.10526315789474,194.2779594575784,0,on,high
tetris,2ec_high_on,1954324947,0.1428017718715393,29,78.27586206896552,194.2075331663325,0,on,high
tetris,2ec_low_off,123456789,0.2689267254484646,22,24.666666666666668,170.51108686868687,0,off,low
tetris,2ec_low_off,135792468,0.19145859442784152,14,31.11111111111111,165.7893314814815,0,off,low
tetris,2ec_low_off,141421356,0.2166200713390533,11,22.77777777777778,165.9837490740741,0,off,low
tetris,2ec_low_off,161803398,0.20127698388567955,25,26.53846153846154,170.35844848484848,0,off,low
tetris,2ec_low_off,173205080,0.21825894148269545,13,22.77777777777778,165.9837490740741,0,off,low
tetris,2ec_low_off,200496737,0.2563420768954366,34,31.470588235294116,175.42931296296297,0,off,low
tetris,2ec_low_off,223606797,0.19946013689385905,18,39.44444444444444,166.40415462962963,0,off,low
tetris,2ec_low_off,246813579,0.17487708473922683,18,39.44444444444444,165.41793425925928,0,off,low
tetris,2ec_low_off,271828182,0.2550569634968612,26,33.333333333333336,171.0835297979798,0,off,low
tetris,2ec_low_off,299792458,0.18027571580063625,18,40.0,165.41793425925928,0,off,low
tetris,2ec_low_off,314159265,0.18191458594427842,18,40.0,165.41793425925928,0,off,low
tetris,2ec_low_off,428956419,0.26041349954393433,24,24.666666666666668,170.51108686868687,0,off,low
tetris,2ec_low_off,564738291,0.2620857403466099,24,24.666666666666668,170.51108686868687,0,off,low
tetris,2ec_low_off,577215664,0.19550756772389857,18,22.77777777777778,165.9837490740741,0,off,low
tetris,2ec_low_off,602214076,0.20349742484129835,33,36.470588235294116,174.59726773504275,0,off,low
tetris,2ec_low_off,633816299,0.17179215270413573,13,25.555555555555557,166.40415462962963,0,off,low
tetris,2ec_low_off,675849302,0.1823002024486648,18,36.111111111111114,167.58479259259258,0,off,low
tetris,2ec_low_off,707106781,0.20958257013400172,17,22.77777777777778,165.9837490740741,0,off,low
tetris,2ec_low_off,794161987,0.20993362666865537,26,37.69230769230769,170.53429696969698,0,off,low
tetris,2ec_low_off,866025403,0.2620857403466099,24,24.666666666666668,170.51108686868687,0,off,low
tetris,2ec_low_off,918273645,0.1788296539091873,13,25.555555555555557,166.40415462962963,0,off,low
tetris,2ec_low_off,987654321,0.10318285833159975,10,25.0,167.12644074074072,0,off,low
tetris,2ec_low_off,1029384756,0.2526603830951657,29,24.666666666666668,170.51108686868687,0,off,low
tetris,2ec_low_off,1123581321,0.2063048298467174,13,22.77777777777778,165.9837490740741,0,off,low
tetris,2ec_low_off,1145661099,0.18191458594427842,18,39.44444444444444,165.41793425925928,0,off,low
tetris,2ec_low_off,1282538739,0.1668755422732093,12,25.0,166.40415462962963,0,off,low
tetris,2ec_low_off,1329531353,0.21642180624953392,28,36.333333333333336,167.53166363636365,0,off,low
tetris,2ec_low_off,1410143363,0.27097902097902093,24,26.0,168.4028446969697,0,off,low
tetris,2ec_low_off,1835732737,0.18027571580063625,18,40.0,165.41793425925928,0,off,low
tetris,2ec_low_off,1954324947,0.1881808541405572,17,30.0,165.7893314814815,0,off,low
tetris,2ec_low_on,123456789,0.213342331051769,10,22.77777777777778,170.8432134920635,0,on,low
tetris,2ec_low_on,135792468,0.21421628976867751,33,26.764705882352942,174.79981593406595,0,on,low
tetris,2ec_low_on,141421356,0.21122144027764386,17,22.77777777777778,170.8432134920635,0,on,low
tetris,2ec_low_on,161803398,0.2103538031427745,18,33.888888888888886,167.99379285714286,0,on,low
tetris,2ec_low_on,173205080,0.17506989299142,12,25.0,171.20356111111113,0,on,low
tetris,2ec_low_on,200496737,0.11897233201581027,24,34.583333333333336,175.53542124542125,0,on,low
tetris,2ec_low_on,223606797,0.20786920589292132,32,36.470588235294116,178.2262294871795,0,on,low
tetris,2ec_low_on,246813579,0.21933409258390835,34,31.764705882352942,179.25503492063493,0,on,low
tetris,2ec_low_on,271828182,0.18191458594427842,18,40.0,170.35822936507938,0,on,low
tetris,2ec_low_on,299792458,0.2563420768954366,34,31.470588235294116,178.93941111111113,0,on,low
tetris,2ec_low_on,314159265,0.1823002024486648,18,36.111111111111114,172.2155365079365,0,on,low
tetris,2ec_low_on,428956419,0.18027571580063625,18,39.44444444444444,170.35822936507938,0,on,low
tetris,2ec_low_on,564738291,0.27101200686106347,23,23.666666666666668,173.1845645021645,0,on,low
tetris,2ec_low_on,577215664,0.2563420768954366,34,31.470588235294116,178.93941111111113,0,on,low
tetris,2ec_low_on,602214076,0.2044731514508821,12,22.77777777777778,169.1922738095238,0,on,low
tetris,2ec_low_on,633816299,0.27097902097902093,29,26.0,172.91672402597402,0,on,low
tetris,2ec_low_on,675849302,0.2598814229249012,29,26.0,172.91672402597402,0,on,low
tetris,2ec_low_on,707106781,0.12378129117259552,22,26.666666666666668,175.53542124542125,0,on,low
tetris,2ec_low_on,794161987,0.21122144027764386,17,22.77777777777778,170.8432134920635,0,on,low
tetris,2ec_low_on,866025403,0.213342331051769,17,22.22222222222222,170.8432134920635,0,on,low
tetris,2ec_low_on,918273645,0.18027571580063625,18,39.44444444444444,170.35822936507938,0,on,low
tetris,2ec_low_on,987654321,0.20485876795526847,18,39.44444444444444,171.20356111111113,0,on,low
tetris,2ec_low_on,1029384756,0.1952183553456088,18,30.555555555555557,170.67656984126984,0,on,low
tetris,2ec_low_on,1123581321,0.20649763809891064,18,39.44444444444444,171.20356111111113,0,on,low
tetris,2ec_low_on,1145661099,0.2672831680214781,24,23.666666666666668,173.1845645021645,0,on,low
tetris,2ec_low_on,1282538739,0.2526603830951657,25,24.666666666666668,174.72378874458875,0,on,low
tetris,2ec_low_on,1329531353,0.2166200713390533,11,22.77777777777778,170.8432134920635,0,on,low
tetris,2ec_low_on,1410143363,0.21424264755141686,27,24.41176470588235,174.44280128205128,0,on,low
tetris,2ec_low_on,1835732737,0.22857418297503135,10,22.77777777777778,170.8432134920635,0,on,low
tetris,2ec_low_on,1954324947,0.20138004957459638,27,24.41176470588235,174.44280128205128,0,on,low
thea,2ec_high_off,123456789,0.5707452165156093,224,30.223214285714285,189.21667504553736,2,off,high
thea,2ec_high_off,135792468,0.5704215220831536,172,30.266666666666666,185.54386357012748,2,off,high
thea,2ec_high_off,141421356,0.5674272486772487,285,28.105263157894736,212.07943861566486,1,off,high
thea,2ec_high_off,161803398,0.5696878147029204,225,30.266666666666666,185.54386357012748,2,off,high
thea,2ec_high_off,173205080,0.5714789238958423,171,30.223214285714285,189.21667504553736,2,off,high
thea,2ec_high_off,200496737,0.5679828042328042,280,31.714285714285715,211.76233479052823,1,off,high
thea,2ec_high_off,223606797,0.5675661375661376,280,31.714285714285715,211.76233479052823,1,off,high
thea,2ec_high_off,246813579,0.5704215220831536,172,30.266666666666666,185.54386357012748,2,off,high
thea,2ec_high_off,271828182,0.5696878147029204,225,30.266666666666666,185.54386357012748,2,off,high
thea,2ec_high_off,299792458,0.5696878147029204,225,30.266666666666666,185.54386357012748,2,off,high
thea,2ec_high_off,314159265,0.5707452165156093,224,30.223214285714285,189.21667504553736,2,off,high
thea,2ec_high_off,428956419,0.5671626984126985,225,28.105263157894736,212.07943861566486,1,off,high
thea,2ec_high_off,564738291,0.5694642857142858,280,27.857142857142858,211.76233479052823,1,off,high
thea,2ec_high_off,577215664,0.5714789238958423,224,30.223214285714285,189.21667504553736,2,off,high
thea,2ec_high_off,602214076,0.5666269841269842,281,28.07829181494662,211.76233479052823,1,off,high
thea,2ec_high_off,633816299,0.5714789238958423,171,30.223214285714285,189.21667504553736,2,off,high
thea,2ec_high_off,675849302,0.5696878147029204,225,30.266666666666666,185.54386357012748,2,off,high
thea,2ec_high_off,707106781,0.5674272486772487,285,28.105263157894736,212.07943861566486,1,off,high
thea,2ec_high_off,794161987,0.5707452165156093,224,30.223214285714285,189.21667504553736,2,off,high
thea,2ec_high_off,866025403,0.5714789238958423,171,30.223214285714285,189.21667504553736,2,off,high
thea,2ec_high_off,918273645,0.5714789238958423,224,30.223214285714285,189.21667504553736,2,off,high
thea,2ec_high_off,987654321,0.5707452165156093,224,30.223214285714285,189.21667504553736,2,off,high
thea,2ec_high_off,1029384756,0.5707452165156093,224,30.223214285714285,189.21667504553736,2,off,high
thea,2ec_high_off,1123581321,0.5696878147029204,225,30.266666666666666,185.54386357012748,2,off,high
thea,2ec_high_off,1145661099,0.5704215220831536,172,30.266666666666666,185.54386357012748,2,off,high
thea,2ec_high_off,1282538739,0.5690542328042328,280,27.857142857142858,211.76233479052823,1,off,high
thea,2ec_high_off,1329531353,0.5697288359788361,280,27.857142857142858,211.76233479052823,1,off,high
thea,2ec_high_off,1410143363,0.5714789238958423,171,30.223214285714285,189.21667504553736,2,off,high
thea,2ec_high_off,1835732737,0.5710257516904043,224,30.223214285714285,189.21667504553736,2,off,high
thea,2ec_high_off,1954324947,0.5696878147029204,225,30.266666666666666,185.54386357012748,2,off,high
thea,2ec_high_on,123456789,0.4960846560846561,31,148.06451612903226,173.85390904051445,0,on,high
thea,2ec_high_on,135792468,0.5219047619047619,31,148.06451612903226,173.85390904051445,0,on,high
thea,2ec_high_on,141421356,0.5005148005148005,25,151.6,172.9270873801666,0,on,high
thea,2ec_high_on,161803398,0.5219047619047619,31,148.06451612903226,173.85390904051445,0,on,high
thea,2ec_high_on,173205080,0.5219047619047619,31,148.06451612903226,173.85390904051445,0,on,high
thea,2ec_high_on,200496737,0.5095238095238095,25,151.6,172.9270873801666,0,on,high
thea,2ec_high_on,223606797,0.4078626799557032,32,158.4375,180.0928103016016,0,on,high
thea,2ec_high_on,246813579,0.31956709956709956,31,145.16129032258064,195.35300774077407,0,on,high
thea,2ec_high_on,271828182,0.5219047619047619,31,148.06451612903226,173.85390904051445,0,on,high
thea,2ec_high_on,299792458,0.5485714285714286,31,148.06451612903226,173.85390904051445,0,on,high
thea,2ec_high_on,314159265,0.44250253292806485,32,177.1875,185.70446287257298,0,on,high
thea,2ec_high_on,428956419,0.4914021164021164,25,151.6,174.4884196975253,0,on,high
thea,2ec_high_on,564738291,0.4960846560846561,31,148.06451612903226,173.85390904051445,0,on,high
thea,2ec_high_on,577215664,0.5005148005148005,25,151.6,172.9270873801666,0,on,high
thea,2ec_high_on,602214076,0.3518633540372671,24,149.3939393939394,181.38903676289706,0,on,high
thea,2ec_high_on,633816299,0.5227513227513227,31,148.06451612903226,173.85390904051445,0,on,high
thea,2ec_high_on,675849302,0.34485714285714286,20,150.35714285714286,195.2005281302416,0,on,high
thea,2ec_high_on,707106781,0.544973544973545,25,151.6,174.4884196975253,0,on,high
thea,2ec_high_on,794161987,0.34799783549783553,20,153.7037037037037,195.2544532624691,0,on,high
thea,2ec_high_on,866025403,0.35762987012987013,27,153.7037037037037,195.2544532624691,0,on,high
thea,2ec_high_on,918273645,0.5101673101673102,25,151.6,172.9270873801666,0,on,high
thea,2ec_high_on,987654321,0.3490800865800866,27,153.7037037037037,195.2544532624691,0,on,high
thea,2ec_high_on,1029384756,0.5187675070028012,25,160.4,171.42671353960793,0,on,high
thea,2ec_high_on,1123581321,0.3835600907029479,32,158.4375,181.84930915863015,0,on,high
thea,2ec_high_on,1145661099,0.4914021164021164,25,151.6,174.4884196975253,0,on,high
thea,2ec_high_on,1282538739,0.4960846560846561,31,148.06451612903226,173.85390904051445,0,on,high
thea,2ec_high_on,1329531353,0.39303350970017636,28,171.78571428571428,200.06925784407014,0,on,high
thea,2ec_high_on,1410143363,0.32051948051948054,31,145.16129032258064,195.35300774077407,0,on,high
thea,2ec_high_on,1835732737,0.5005148005148005,25,151.6,172.9270873801666,0,on,high
thea,2ec_high_on,1954324947,0.4101882613510521,32,158.4375,180.0928103016016,0,on,high
thea,2ec_low_off,123456789,0.5345071133084451,25,23.235294117647058,204.1379811111111,0,off,low
thea,2ec_low_off,135792468,0.5686413770053476,25,24.871794871794872,206.36747499999998,0,off,low
thea,2ec_low_off,141421356,0.5480837789661319,26,24.651162790697676,208.1783414141414,0,off,low
thea,2ec_low_off,161803398,0.41293856788835265,29,24.482758620689655,196.04626180555556,0,off,low
thea,2ec_low_off,173205080,0.5345071133084451,34,23.235294117647058,204.1379811111111,0,off,low
thea,2ec_low_off,200496737,0.613009692513369,46,28.91304347826087,208.9026601851852,0,off,low
thea,2ec_low_off,223606797,0.5987633689839572,34,22.5,208.9026601851852,0,off,low
thea,2ec_low_off,246813579,0.5987633689839572,34,22.5,208.9026601851852,0,off,low
thea,2ec_low_off,271828182,0.5345071133084451,25,23.235294117647058,204.1379811111111,0,off,low
thea,2ec_low_off,299792458,0.5702707219251337,39,24.871794871794872,206.36747499999998,0,off,low
thea,2ec_low_off,314159265,0.5345071133084451,19,23.235294117647058,204.1379811111111,0,off,low
thea,2ec_low_off,428956419,0.5345071133084451,28,23.235294117647058,204.1379811111111,0,off,low
thea,2ec_low_off,564738291,0.5345071133084451,34,23.235294117647058,204.1379811111111,0,off,low
thea,2ec_low_off,577215664,0.5501223601921509,42,25.952380952380953,205.8674547979798,0,off,low
thea,2ec_low_off,602214076,0.5690202120909997,32,24.25,208.0611090909091,0,off,low
thea,2ec_low_off,633816299,0.5918552036199095,40,23.6,208.37632685185184,0,off,low
thea,2ec_low_off,675849302,0.5345071133084451,19,23.235294117647058,204.1379811111111,0,off,low
thea,2ec_low_off,707106781,0.5835358936963215,49,24.0,209.64391944444444,0,off,low
thea,2ec_low_off,794161987,0.5996824866310161,24,22.5,208.9026601851852,0,off,low
thea,2ec_low_off,866025403,0.5345071133084451,25,23.235294117647058,204.1379811111111,0,off,low
thea,2ec_low_off,918273645,0.5918552036199095,30,23.6,208.37632685185184,0,off,low
thea,2ec_low_off,987654321,0.5634460255596846,32,24.047619047619047,208.0611090909091,0,off,low
thea,2ec_low_off,1029384756,0.5980255039078569,48,23.46938775510204,209.53645648148148,0,off,low
thea,2ec_low_off,1123581321,0.5695604946524064,37,25.135135135135137,206.36747499999998,0,off,low
thea,2ec_low_off,1145661099,0.4912683823529412,27,27.2972972972973,203.72482685185184,0,off,low
thea,2ec_low_off,1282538739,0.6134692513368984,42,28.91304347826087,208.9026601851852,0,off,low
thea,2ec_low_off,1329531353,0.5539354946524064,25,23.243243243243242,206.36747499999998,0,off,low
thea,2ec_low_off,1410143363,0.5345071133084451,34,23.235294117647058,204.1379811111111,0,off,low
thea,2ec_low_off,1835732737,0.5345071133084451,34,23.235294117647058,204.1379811111111,0,off,low
thea,2ec_low_off,1954324947,0.48143767996709175,27,27.56756756756757,200.87008666666668,0,off,low
thea,2ec_low_on,123456789,0.16334033613445378,29,69.48717948717949,195.51944239040787,0,on,low
thea,2ec_low_on,135792468,0.1932620320855615,40,86.5,183.83305004442002,0,on,low
thea,2ec_low_on,141421356,0.15726786582401558,43,81.07142857142857,184.0458807336448,0,on,low
thea,2ec_low_on,161803398,0.17704354469060352,39,93.07692307692308,195.258952390304,0,on,low
thea,2ec_low_on,173205080,0.17561233247507757,42,88.54545454545455,201.23087199486613,0,on,low
thea,2ec_low_on,200496737,0.13743315508021392,29,71.05263157894737,183.67254275473002,0,on,low
thea,2ec_low_on,223606797,0.17561233247507757,42,88.54545454545455,201.23087199486613,0,on,low
thea,2ec_low_on,246813579,0.20492742551566082,31,101.75,195.30885003526328,0,on,low
thea,2ec_low_on,271828182,0.13743315508021392,29,71.05263157894737,183.67254275473002,0,on,low
thea,2ec_low_on,299792458,0.18413883563717082,54,85.92592592592592,175.38703891160546,0,on,low
thea,2ec_low_on,314159265,0.15667311411992263,39,87.94871794871794,182.3265441316859,0,on,low
thea,2ec_low_on,428956419,0.15098418477642508,39,93.07692307692308,183.76186896248066,0,on,low
thea,2ec_low_on,564738291,0.1414267834793492,39,87.94871794871794,182.3265441316859,0,on,low
thea,2ec_low_on,577215664,0.18413883563717082,54,85.92592592592592,175.38703891160546,0,on,low
thea,2ec_low_on,602214076,0.1585081585081585,54,85.92592592592592,198.80702367198623,0,on,low
thea,2ec_low_on,633816299,0.11575967285309847,38,90.52631578947368,188.857889005459,0,on,low
thea,2ec_low_on,675849302,0.21077676062720932,40,86.5,195.33013347224335,0,on,low
thea,2ec_low_on,707106781,0.17447946296507,40,91.5,184.38360347359412,0,on,low
thea,2ec_low_on,794161987,0.16757329891204129,29,95.78947368421052,199.66813718696545,0,on,low
thea,2ec_low_on,866025403,0.19759358288770057,40,86.25,183.68895784578456,0,on,low
thea,2ec_low_on,918273645,0.15667311411992263,39,87.94871794871794,182.3265441316859,0,on,low
thea,2ec_low_on,987654321,0.17893048128342248,40,86.5,183.83305004442002,0,on,low
thea,2ec_low_on,1029384756,0.13120367764330612,29,94.73684210526316,195.13171770644595,0,on,low
thea,2ec_low_on,1123581321,0.13413547237076648,38,94.73684210526316,183.86235381096552,0,on,low
thea,2ec_low_on,1145661099,0.23155080213903745,37,108.91891891891892,195.63143729061218,0,on,low
thea,2ec_low_on,1282538739,0.24539000553199336,30,117.66666666666667,199.76390773246155,0,on,low
thea,2ec_low_on,1329531353,0.24760280287663655,24,117.66666666666667,200.74032679735507,0,on,low
thea,2ec_low_on,1410143363,0.17447946296507,40,91.5,184.38360347359412,0,on,low
thea,2ec_low_on,1835732737,0.13743315508021392,29,71.05263157894737,183.67254275473002,0,on,low
thea,2ec_low_on,1954324947,0.1585081585081585,54,85.92592592592592,198.80702367198623,0,on,low
