Object,Time Step,Instance ID,Available,Server,Being Provisioned,Last Migration
Service_1,0,1,True,,False,
Service_2,0,2,True,,False,
Service_3,0,3,True,,False,
Service_4,0,4,True,,False,
Service_5,0,5,True,,False,
Service_6,0,6,True,,False,
Service_1,1,1,True,,True,"{'status': 'pulling_layers', 'origin': 'None', 'target': 'EdgeServer_6', 'start': 1, 'end': None, 'waiting': 0, 'pulling': 1, 'migr_state': 0}"
Service_2,1,2,True,,False,
Service_3,1,3,True,,True,"{'status': 'pulling_layers', 'origin': 'None', 'target': 'EdgeServer_4', 'start': 1, 'end': None, 'waiting': 0, 'pulling': 1, 'migr_state': 0}"
Service_4,1,4,True,5.0,False,"{'status': 'finished', 'origin': 'None', 'target': 'EdgeServer_5', 'start': 1, 'end': 1, 'waiting': 0, 'pulling': 0, 'migr_state': 0}"
Service_5,1,5,True,,True,"{'status': 'pulling_layers', 'origin': 'None', 'target': 'EdgeServer_3', 'start': 1, 'end': None, 'waiting': 0, 'pulling': 1, 'migr_state': 0}"
Service_6,1,6,True,,True,"{'status': 'pulling_layers', 'origin': 'None', 'target': 'EdgeServer_2', 'start': 1, 'end': None, 'waiting': 0, 'pulling': 1, 'migr_state': 0}"
Service_1,2,1,True,,True,"{'status': 'pulling_layers', 'origin': 'None', 'target': 'EdgeServer_1', 'start': 2, 'end': None, 'waiting': 0, 'pulling': 1, 'migr_state': 0}"
Service_2,2,2,True,,False,
Service_3,2,3,True,,True,"{'status': 'pulling_layers', 'origin': 'None', 'target': 'EdgeServer_4', 'start': 1, 'end': None, 'waiting': 0, 'pulling': 2, 'migr_state': 0}"
Service_4,2,4,True,5.0,False,"{'status': 'finished', 'origin': 'None', 'target': 'EdgeServer_5', 'start': 1, 'end': 1, 'waiting': 0, 'pulling': 0, 'migr_state': 0}"
Service_5,2,5,True,,True,"{'status': 'pulling_layers', 'origin': 'None', 'target': 'EdgeServer_3', 'start': 1, 'end': None, 'waiting': 0, 'pulling': 2, 'migr_state': 0}"
Service_6,2,6,True,,True,"{'status': 'pulling_layers', 'origin': 'None', 'target': 'EdgeServer_2', 'start': 1, 'end': None, 'waiting': 0, 'pulling': 2, 'migr_state': 0}"
Service_1,3,1,True,1.0,False,"{'status': 'finished', 'origin': 'None', 'target': 'EdgeServer_1', 'start': 2, 'end': 3, 'waiting': 0, 'pulling': 1, 'migr_state': 0}"
Service_2,3,2,True,,False,
Service_3,3,3,True,,True,"{'status': 'pulling_layers', 'origin': 'None', 'target': 'EdgeServer_4', 'start': 1, 'end': None, 'waiting': 0, 'pulling': 3, 'migr_state': 0}"
Service_4,3,4,True,5.0,False,"{'status': 'finished', 'origin': 'None', 'target': 'EdgeServer_5', 'start': 1, 'end': 1, 'waiting': 0, 'pulling': 0, 'migr_state': 0}"
Service_5,3,5,True,,True,"{'status': 'pulling_layers', 'origin': 'None', 'target': 'EdgeServer_3', 'start': 1, 'end': None, 'waiting': 0, 'pulling': 3, 'migr_state': 0}"
Service_6,3,6,True,,True,"{'status': 'pulling_layers', 'origin': 'None', 'target': 'EdgeServer_2', 'start': 1, 'end': None, 'waiting': 0, 'pulling': 3, 'migr_state': 0}"
Service_1,4,1,True,1.0,False,"{'status': 'finished', 'origin': 'None', 'target': 'EdgeServer_1', 'start': 2, 'end': 3, 'waiting': 0, 'pulling': 1, 'migr_state': 0}"
Service_2,4,2,True,,False,
Service_3,4,3,True,,True,"{'status': 'pulling_layers', 'origin': 'None', 'target': 'EdgeServer_4', 'start': 1, 'end': None, 'waiting': 0, 'pulling': 4, 'migr_state': 0}"
Service_4,4,4,True,5.0,False,"{'status': 'finished', 'origin': 'None', 'target': 'EdgeServer_5', 'start': 1, 'end': 1, 'waiting': 0, 'pulling': 0, 'migr_state': 0}"
Service_5,4,5,True,3.0,False,"{'status': 'finished', 'origin': 'None', 'target': 'EdgeServer_3', 'start': 1, 'end': 4, 'waiting': 0, 'pulling': 3, 'migr_state': 0}"
Service_6,4,6,True,,True,"{'status': 'pulling_layers', 'origin': 'None', 'target': 'EdgeServer_2', 'start': 1, 'end': None, 'waiting': 0, 'pulling': 4, 'migr_state': 0}"
Service_1,5,1,True,1.0,False,"{'status': 'finished', 'origin': 'None', 'target': 'EdgeServer_1', 'start': 2, 'end': 3, 'waiting': 0, 'pulling': 1, 'migr_state': 0}"
Service_2,5,2,True,,False,
Service_3,5,3,True,,True,"{'status': 'pulling_layers', 'origin': 'None', 'target': 'EdgeServer_4', 'start': 1, 'end': None, 'waiting': 0, 'pulling': 5, 'migr_state': 0}"
Service_4,5,4,True,5.0,False,"{'status': 'finished', 'origin': 'None', 'target': 'EdgeServer_5', 'start': 1, 'end': 1, 'waiting': 0, 'pulling': 0, 'migr_state': 0}"
Service_5,5,5,True,3.0,False,"{'status': 'finished', 'origin': 'None', 'target': 'EdgeServer_3', 'start': 1, 'end': 4, 'waiting': 0, 'pulling': 3, 'migr_state': 0}"
Service_6,5,6,True,,True,"{'status': 'pulling_layers', 'origin': 'None', 'target': 'EdgeServer_2', 'start': 1, 'end': None, 'waiting': 0, 'pulling': 5, 'migr_state': 0}"
Service_1,6,1,True,1.0,False,"{'status': 'finished', 'origin': 'None', 'target': 'EdgeServer_1', 'start': 2, 'end': 3, 'waiting': 0, 'pulling': 1, 'migr_state': 0}"
Service_2,6,2,True,,False,
Service_3,6,3,True,,True,"{'status': 'pulling_layers', 'origin': 'None', 'target': 'EdgeServer_4', 'start': 1, 'end': None, 'waiting': 0, 'pulling': 6, 'migr_state': 0}"
Service_4,6,4,True,5.0,False,"{'status': 'finished', 'origin': 'None', 'target': 'EdgeServer_5', 'start': 1, 'end': 1, 'waiting': 0, 'pulling': 0, 'migr_state': 0}"
Service_5,6,5,True,3.0,False,"{'status': 'finished', 'origin': 'None', 'target': 'EdgeServer_3', 'start': 1, 'end': 4, 'waiting': 0, 'pulling': 3, 'migr_state': 0}"
Service_6,6,6,True,,True,"{'status': 'pulling_layers', 'origin': 'None', 'target': 'EdgeServer_2', 'start': 1, 'end': None, 'waiting': 0, 'pulling': 6, 'migr_state': 0}"
Service_1,7,1,True,1.0,False,"{'status': 'finished', 'origin': 'None', 'target': 'EdgeServer_1', 'start': 2, 'end': 3, 'waiting': 0, 'pulling': 1, 'migr_state': 0}"
Service_2,7,2,True,,False,
Service_3,7,3,True,,True,"{'status': 'pulling_layers', 'origin': 'None', 'target': 'EdgeServer_4', 'start': 1, 'end': None, 'waiting': 0, 'pulling': 7, 'migr_state': 0}"
Service_4,7,4,True,5.0,False,"{'status': 'finished', 'origin': 'None', 'target': 'EdgeServer_5', 'start': 1, 'end': 1, 'waiting': 0, 'pulling': 0, 'migr_state': 0}"
Service_5,7,5,True,3.0,False,"{'status': 'finished', 'origin': 'None', 'target': 'EdgeServer_3', 'start': 1, 'end': 4, 'waiting': 0, 'pulling': 3, 'migr_state': 0}"
Service_6,7,6,True,,True,"{'status': 'pulling_layers', 'origin': 'None', 'target': 'EdgeServer_2', 'start': 1, 'end': None, 'waiting': 0, 'pulling': 7, 'migr_state': 0}"
Service_1,8,1,True,1.0,False,"{'status': 'finished', 'origin': 'None', 'target': 'EdgeServer_1', 'start': 2, 'end': 3, 'waiting': 0, 'pulling': 1, 'migr_state': 0}"
Service_2,8,2,True,,False,
Service_3,8,3,True,4.0,False,"{'status': 'finished', 'origin': 'None', 'target': 'EdgeServer_4', 'start': 1, 'end': 8, 'waiting': 0, 'pulling': 7, 'migr_state': 0}"
Service_4,8,4,True,5.0,False,"{'status': 'finished', 'origin': 'None', 'target': 'EdgeServer_5', 'start': 1, 'end': 1, 'waiting': 0, 'pulling': 0, 'migr_state': 0}"
Service_5,8,5,True,3.0,False,"{'status': 'finished', 'origin': 'None', 'target': 'EdgeServer_3', 'start': 1, 'end': 4, 'waiting': 0, 'pulling': 3, 'migr_state': 0}"
Service_6,8,6,True,2.0,False,"{'status': 'finished', 'origin': 'None', 'target': 'EdgeServer_2', 'start': 1, 'end': 8, 'waiting': 0, 'pulling': 7, 'migr_state': 0}"
Service_1,9,1,True,1.0,False,"{'status': 'finished', 'origin': 'None', 'target': 'EdgeServer_1', 'start': 2, 'end': 3, 'waiting': 0, 'pulling': 1, 'migr_state': 0}"
Service_2,9,2,True,,False,
Service_3,9,3,True,4.0,False,"{'status': 'finished', 'origin': 'None', 'target': 'EdgeServer_4', 'start': 1, 'end': 8, 'waiting': 0, 'pulling': 7, 'migr_state': 0}"
Service_4,9,4,True,5.0,False,"{'status': 'finished', 'origin': 'None', 'target': 'EdgeServer_5', 'start': 1, 'end': 1, 'waiting': 0, 'pulling': 0, 'migr_state': 0}"
Service_5,9,5,True,3.0,False,"{'status': 'finished', 'origin': 'None', 'target': 'EdgeServer_3', 'start': 1, 'end': 4, 'waiting': 0, 'pulling': 3, 'migr_state': 0}"
Service_6,9,6,True,2.0,False,"{'status': 'finished', 'origin': 'None', 'target': 'EdgeServer_2', 'start': 1, 'end': 8, 'waiting': 0, 'pulling': 7, 'migr_state': 0}"
Service_1,10,1,True,1.0,False,"{'status': 'finished', 'origin': 'None', 'target': 'EdgeServer_1', 'start': 2, 'end': 3, 'waiting': 0, 'pulling': 1, 'migr_state': 0}"
Service_2,10,2,True,,False,
Service_3,10,3,True,4.0,False,"{'status': 'finished', 'origin': 'None', 'target': 'EdgeServer_4', 'start': 1, 'end': 8, 'waiting': 0, 'pulling': 7, 'migr_state': 0}"
Service_4,10,4,True,5.0,False,"{'status': 'finished', 'origin': 'None', 'target': 'EdgeServer_5', 'start': 1, 'end': 1, 'waiting': 0, 'pulling': 0, 'migr_state': 0}"
Service_5,10,5,True,3.0,False,"{'status': 'finished', 'origin': 'None', 'target': 'EdgeServer_3', 'start': 1, 'end': 4, 'waiting': 0, 'pulling': 3, 'migr_state': 0}"
Service_6,10,6,True,2.0,False,"{'status': 'finished', 'origin': 'None', 'target': 'EdgeServer_2', 'start': 1, 'end': 8, 'waiting': 0, 'pulling': 7, 'migr_state': 0}"
Service_1,11,1,True,1.0,False,"{'status': 'finished', 'origin': 'None', 'target': 'EdgeServer_1', 'start': 2, 'end': 3, 'waiting': 0, 'pulling': 1, 'migr_state': 0}"
Service_2,11,2,True,,False,
Service_3,11,3,True,4.0,False,"{'status': 'finished', 'origin': 'None', 'target': 'EdgeServer_4', 'start': 1, 'end': 8, 'waiting': 0, 'pulling': 7, 'migr_state': 0}"
Service_4,11,4,True,5.0,False,"{'status': 'finished', 'origin': 'None', 'target': 'EdgeServer_5', 'start': 1, 'end': 1, 'waiting': 0, 'pulling': 0, 'migr_state': 0}"
Service_5,11,5,True,3.0,False,"{'status': 'finished', 'origin': 'None', 'target': 'EdgeServer_3', 'start': 1, 'end': 4, 'waiting': 0, 'pulling': 3, 'migr_state': 0}"
Service_6,11,6,True,2.0,False,"{'status': 'finished', 'origin': 'None', 'target': 'EdgeServer_2', 'start': 1, 'end': 8, 'waiting': 0, 'pulling': 7, 'migr_state': 0}"
Service_1,12,1,True,1.0,False,"{'status': 'finished', 'origin': 'None', 'target': 'EdgeServer_1', 'start': 2, 'end': 3, 'waiting': 0, 'pulling': 1, 'migr_state': 0}"
Service_2,12,2,True,,False,
Service_3,12,3,True,4.0,False,"{'status': 'finished', 'origin': 'None', 'target': 'EdgeServer_4', 'start': 1, 'end': 8, 'waiting': 0, 'pulling': 7, 'migr_state': 0}"
Service_4,12,4,True,5.0,False,"{'status': 'finished', 'origin': 'None', 'target': 'EdgeServer_5', 'start': 1, 'end': 1, 'waiting': 0, 'pulling': 0, 'migr_state': 0}"
Service_5,12,5,True,3.0,False,"{'status': 'finished', 'origin': 'None', 'target': 'EdgeServer_3', 'start': 1, 'end': 4, 'waiting': 0, 'pulling': 3, 'migr_state': 0}"
Service_6,12,6,True,2.0,False,"{'status': 'finished', 'origin': 'None', 'target': 'EdgeServer_2', 'start': 1, 'end': 8, 'waiting': 0, 'pulling': 7, 'migr_state': 0}"
Service_1,13,1,True,1.0,False,"{'status': 'finished', 'origin': 'None', 'target': 'EdgeServer_1', 'start': 2, 'end': 3, 'waiting': 0, 'pulling': 1, 'migr_state': 0}"
Service_2,13,2,True,,False,
Service_3,13,3,True,4.0,False,"{'status': 'finished', 'origin': 'None', 'target': 'EdgeServer_4', 'start': 1, 'end': 8, 'waiting': 0, 'pulling': 7, 'migr_state': 0}"
Service_4,13,4,True,5.0,False,"{'status': 'finished', 'origin': 'None', 'target': 'EdgeServer_5', 'start': 1, 'end': 1, 'waiting': 0, 'pulling': 0, 'migr_state': 0}"
Service_5,13,5,True,3.0,False,"{'status': 'finished', 'origin': 'None', 'target': 'EdgeServer_3', 'start': 1, 'end': 4, 'waiting': 0, 'pulling': 3, 'migr_state': 0}"
Service_6,13,6,True,2.0,False,"{'status': 'finished', 'origin': 'None', 'target': 'EdgeServer_2', 'start': 1, 'end': 8, 'waiting': 0, 'pulling': 7, 'migr_state': 0}"
Service_1,14,1,True,1.0,False,"{'status': 'finished', 'origin': 'None', 'target': 'EdgeServer_1', 'start': 2, 'end': 3, 'waiting': 0, 'pulling': 1, 'migr_state': 0}"
Service_2,14,2,True,,False,
Service_3,14,3,True,4.0,False,"{'status': 'finished', 'origin': 'None', 'target': 'EdgeServer_4', 'start': 1, 'end': 8, 'waiting': 0, 'pulling': 7, 'migr_state': 0}"
Service_4,14,4,True,5.0,False,"{'status': 'finished', 'origin': 'None', 'target': 'EdgeServer_5', 'start': 1, 'end': 1, 'waiting': 0, 'pulling': 0, 'migr_state': 0}"
Service_5,14,5,True,3.0,False,"{'status': 'finished', 'origin': 'None', 'target': 'EdgeServer_3', 'start': 1, 'end': 4, 'waiting': 0, 'pulling': 3, 'migr_state': 0}"
Service_6,14,6,True,2.0,False,"{'status': 'finished', 'origin': 'None', 'target': 'EdgeServer_2', 'start': 1, 'end': 8, 'waiting': 0, 'pulling': 7, 'migr_state': 0}"
Service_1,15,1,True,1.0,False,"{'status': 'finished', 'origin': 'None', 'target': 'EdgeServer_1', 'start': 2, 'end': 3, 'waiting': 0, 'pulling': 1, 'migr_state': 0}"
Service_2,15,2,True,,False,
Service_3,15,3,True,4.0,False,"{'status': 'finished', 'origin': 'None', 'target': 'EdgeServer_4', 'start': 1, 'end': 8, 'waiting': 0, 'pulling': 7, 'migr_state': 0}"
Service_4,15,4,True,5.0,False,"{'status': 'finished', 'origin': 'None', 'target': 'EdgeServer_5', 'start': 1, 'end': 1, 'waiting': 0, 'pulling': 0, 'migr_state': 0}"
Service_5,15,5,True,3.0,False,"{'status': 'finished', 'origin': 'None', 'target': 'EdgeServer_3', 'start': 1, 'end': 4, 'waiting': 0, 'pulling': 3, 'migr_state': 0}"
Service_6,15,6,True,2.0,False,"{'status': 'finished', 'origin': 'None', 'target': 'EdgeServer_2', 'start': 1, 'end': 8, 'waiting': 0, 'pulling': 7, 'migr_state': 0}"
Service_1,16,1,True,1.0,False,"{'status': 'finished', 'origin': 'None', 'target': 'EdgeServer_1', 'start': 2, 'end': 3, 'waiting': 0, 'pulling': 1, 'migr_state': 0}"
Service_2,16,2,True,,False,
Service_3,16,3,True,4.0,False,"{'status': 'finished', 'origin': 'None', 'target': 'EdgeServer_4', 'start': 1, 'end': 8, 'waiting': 0, 'pulling': 7, 'migr_state': 0}"
Service_4,16,4,True,5.0,False,"{'status': 'finished', 'origin': 'None', 'target': 'EdgeServer_5', 'start': 1, 'end': 1, 'waiting': 0, 'pulling': 0, 'migr_state': 0}"
Service_5,16,5,True,3.0,False,"{'status': 'finished', 'origin': 'None', 'target': 'EdgeServer_3', 'start': 1, 'end': 4, 'waiting': 0, 'pulling': 3, 'migr_state': 0}"
Service_6,16,6,True,2.0,False,"{'status': 'finished', 'origin': 'None', 'target': 'EdgeServer_2', 'start': 1, 'end': 8, 'waiting': 0, 'pulling': 7, 'migr_state': 0}"
Service_1,17,1,True,1.0,False,"{'status': 'finished', 'origin': 'None', 'target': 'EdgeServer_1', 'start': 2, 'end': 3, 'waiting': 0, 'pulling': 1, 'migr_state': 0}"
Service_2,17,2,True,,False,
Service_3,17,3,True,4.0,False,"{'status': 'finished', 'origin': 'None', 'target': 'EdgeServer_4', 'start': 1, 'end': 8, 'waiting': 0, 'pulling': 7, 'migr_state': 0}"
Service_4,17,4,True,5.0,False,"{'status': 'finished', 'origin': 'None', 'target': 'EdgeServer_5', 'start': 1, 'end': 1, 'waiting': 0, 'pulling': 0, 'migr_state': 0}"
Service_5,17,5,True,3.0,False,"{'status': 'finished', 'origin': 'None', 'target': 'EdgeServer_3', 'start': 1, 'end': 4, 'waiting': 0, 'pulling': 3, 'migr_state': 0}"
Service_6,17,6,True,2.0,False,"{'status': 'finished', 'origin': 'None', 'target': 'EdgeServer_2', 'start': 1, 'end': 8, 'waiting': 0, 'pulling': 7, 'migr_state': 0}"
Service_1,18,1,True,1.0,False,"{'status': 'finished', 'origin': 'None', 'target': 'EdgeServer_1', 'start': 2, 'end': 3, 'waiting': 0, 'pulling': 1, 'migr_state': 0}"
Service_2,18,2,True,,False,
Service_3,18,3,True,4.0,False,"{'status': 'finished', 'origin': 'None', 'target': 'EdgeServer_4', 'start': 1, 'end': 8, 'waiting': 0, 'pulling': 7, 'migr_state': 0}"
Service_4,18,4,True,5.0,False,"{'status': 'finished', 'origin': 'None', 'target': 'EdgeServer_5', 'start': 1, 'end': 1, 'waiting': 0, 'pulling': 0, 'migr_state': 0}"
Service_5,18,5,True,3.0,False,"{'status': 'finished', 'origin': 'None', 'target': 'EdgeServer_3', 'start': 1, 'end': 4, 'waiting': 0, 'pulling': 3, 'migr_state': 0}"
Service_6,18,6,True,2.0,False,"{'status': 'finished', 'origin': 'None', 'target': 'EdgeServer_2', 'start': 1, 'end': 8, 'waiting': 0, 'pulling': 7, 'migr_state': 0}"
Service_1,19,1,True,1.0,False,"{'status': 'finished', 'origin': 'None', 'target': 'EdgeServer_1', 'start': 2, 'end': 3, 'waiting': 0, 'pulling': 1, 'migr_state': 0}"
Service_2,19,2,True,,False,
Service_3,19,3,True,4.0,False,"{'status': 'finished', 'origin': 'None', 'target': 'EdgeServer_4', 'start': 1, 'end': 8, 'waiting': 0, 'pulling': 7, 'migr_state': 0}"
Service_4,19,4,True,5.0,False,"{'status': 'finished', 'origin': 'None', 'target': 'EdgeServer_5', 'start': 1, 'end': 1, 'waiting': 0, 'pulling': 0, 'migr_state': 0}"
Service_5,19,5,True,3.0,False,"{'status': 'finished', 'origin': 'None', 'target': 'EdgeServer_3', 'start': 1, 'end': 4, 'waiting': 0, 'pulling': 3, 'migr_state': 0}"
Service_6,19,6,True,2.0,False,"{'status': 'finished', 'origin': 'None', 'target': 'EdgeServer_2', 'start': 1, 'end': 8, 'waiting': 0, 'pulling': 7, 'migr_state': 0}"
Service_1,20,1,True,1.0,False,"{'status': 'finished', 'origin': 'None', 'target': 'EdgeServer_1', 'start': 2, 'end': 3, 'waiting': 0, 'pulling': 1, 'migr_state': 0}"
Service_2,20,2,True,,False,
Service_3,20,3,True,4.0,False,"{'status': 'finished', 'origin': 'None', 'target': 'EdgeServer_4', 'start': 1, 'end': 8, 'waiting': 0, 'pulling': 7, 'migr_state': 0}"
Service_4,20,4,True,5.0,False,"{'status': 'finished', 'origin': 'None', 'target': 'EdgeServer_5', 'start': 1, 'end': 1, 'waiting': 0, 'pulling': 0, 'migr_state': 0}"
Service_5,20,5,True,3.0,False,"{'status': 'finished', 'origin': 'None', 'target': 'EdgeServer_3', 'start': 1, 'end': 4, 'waiting': 0, 'pulling': 3, 'migr_state': 0}"
Service_6,20,6,True,2.0,False,"{'status': 'finished', 'origin': 'None', 'target': 'EdgeServer_2', 'start': 1, 'end': 8, 'waiting': 0, 'pulling': 7, 'migr_state': 0}"
Service_1,21,1,True,1.0,False,"{'status': 'finished', 'origin': 'None', 'target': 'EdgeServer_1', 'start': 2, 'end': 3, 'waiting': 0, 'pulling': 1, 'migr_state': 0}"
Service_2,21,2,True,,False,
Service_3,21,3,True,4.0,False,"{'status': 'finished', 'origin': 'None', 'target': 'EdgeServer_4', 'start': 1, 'end': 8, 'waiting': 0, 'pulling': 7, 'migr_state': 0}"
Service_4,21,4,True,5.0,False,"{'status': 'finished', 'origin': 'None', 'target': 'EdgeServer_5', 'start': 1, 'end': 1, 'waiting': 0, 'pulling': 0, 'migr_state': 0}"
Service_5,21,5,True,3.0,False,"{'status': 'finished', 'origin': 'None', 'target': 'EdgeServer_3', 'start': 1, 'end': 4, 'waiting': 0, 'pulling': 3, 'migr_state': 0}"
Service_6,21,6,True,2.0,False,"{'status': 'finished', 'origin': 'None', 'target': 'EdgeServer_2', 'start': 1, 'end': 8, 'waiting': 0, 'pulling': 7, 'migr_state': 0}"
Service_1,22,1,True,1.0,False,"{'status': 'finished', 'origin': 'None', 'target': 'EdgeServer_1', 'start': 2, 'end': 3, 'waiting': 0, 'pulling': 1, 'migr_state': 0}"
Service_2,22,2,True,,False,
Service_3,22,3,True,4.0,False,"{'status': 'finished', 'origin': 'None', 'target': 'EdgeServer_4', 'start': 1, 'end': 8, 'waiting': 0, 'pulling': 7, 'migr_state': 0}"
Service_4,22,4,True,5.0,False,"{'status': 'finished', 'origin': 'None', 'target': 'EdgeServer_5', 'start': 1, 'end': 1, 'waiting': 0, 'pulling': 0, 'migr_state': 0}"
Service_5,22,5,True,3.0,False,"{'status': 'finished', 'origin': 'None', 'target': 'EdgeServer_3', 'start': 1, 'end': 4, 'waiting': 0, 'pulling': 3, 'migr_state': 0}"
Service_6,22,6,True,2.0,False,"{'status': 'finished', 'origin': 'None', 'target': 'EdgeServer_2', 'start': 1, 'end': 8, 'waiting': 0, 'pulling': 7, 'migr_state': 0}"
Service_1,23,1,True,1.0,False,"{'status': 'finished', 'origin': 'None', 'target': 'EdgeServer_1', 'start': 2, 'end': 3, 'waiting': 0, 'pulling': 1, 'migr_state': 0}"
Service_2,23,2,True,,False,
Service_3,23,3,True,4.0,False,"{'status': 'finished', 'origin': 'None', 'target': 'EdgeServer_4', 'start': 1, 'end': 8, 'waiting': 0, 'pulling': 7, 'migr_state': 0}"
Service_4,23,4,True,5.0,False,"{'status': 'finished', 'origin': 'None', 'target': 'EdgeServer_5', 'start': 1, 'end': 1, 'waiting': 0, 'pulling': 0, 'migr_state': 0}"
Service_5,23,5,True,3.0,False,"{'status': 'finished', 'origin': 'None', 'target': 'EdgeServer_3', 'start': 1, 'end': 4, 'waiting': 0, 'pulling': 3, 'migr_state': 0}"
Service_6,23,6,True,2.0,False,"{'status': 'finished', 'origin': 'None', 'target': 'EdgeServer_2', 'start': 1, 'end': 8, 'waiting': 0, 'pulling': 7, 'migr_state': 0}"
Service_1,24,1,True,1.0,False,"{'status': 'finished', 'origin': 'None', 'target': 'EdgeServer_1', 'start': 2, 'end': 3, 'waiting': 0, 'pulling': 1, 'migr_state': 0}"
Service_2,24,2,True,,False,
Service_3,24,3,True,4.0,False,"{'status': 'finished', 'origin': 'None', 'target': 'EdgeServer_4', 'start': 1, 'end': 8, 'waiting': 0, 'pulling': 7, 'migr_state': 0}"
Service_4,24,4,True,5.0,False,"{'status': 'finished', 'origin': 'None', 'target': 'EdgeServer_5', 'start': 1, 'end': 1, 'waiting': 0, 'pulling': 0, 'migr_state': 0}"
Service_5,24,5,True,3.0,False,"{'status': 'finished', 'origin': 'None', 'target': 'EdgeServer_3', 'start': 1, 'end': 4, 'waiting': 0, 'pulling': 3, 'migr_state': 0}"
Service_6,24,6,True,2.0,False,"{'status': 'finished', 'origin': 'None', 'target': 'EdgeServer_2', 'start': 1, 'end': 8, 'waiting': 0, 'pulling': 7, 'migr_state': 0}"
Service_1,25,1,True,1.0,False,"{'status': 'finished', 'origin': 'None', 'target': 'EdgeServer_1', 'start': 2, 'end': 3, 'waiting': 0, 'pulling': 1, 'migr_state': 0}"
Service_2,25,2,True,,False,
Service_3,25,3,True,4.0,False,"{'status': 'finished', 'origin': 'None', 'target': 'EdgeServer_4', 'start': 1, 'end': 8, 'waiting': 0, 'pulling': 7, 'migr_state': 0}"
Service_4,25,4,True,5.0,False,"{'status': 'finished', 'origin': 'None', 'target': 'EdgeServer_5', 'start': 1, 'end': 1, 'waiting': 0, 'pulling': 0, 'migr_state': 0}"
Service_5,25,5,True,3.0,False,"{'status': 'finished', 'origin': 'None', 'target': 'EdgeServer_3', 'start': 1, 'end': 4, 'waiting': 0, 'pulling': 3, 'migr_state': 0}"
Service_6,25,6,True,2.0,False,"{'status': 'finished', 'origin': 'None', 'target': 'EdgeServer_2', 'start': 1, 'end': 8, 'waiting': 0, 'pulling': 7, 'migr_state': 0}"
Service_1,26,1,True,1.0,False,"{'status': 'finished', 'origin': 'None', 'target': 'EdgeServer_1', 'start': 2, 'end': 3, 'waiting': 0, 'pulling': 1, 'migr_state': 0}"
Service_2,26,2,True,,False,
Service_3,26,3,True,4.0,False,"{'status': 'finished', 'origin': 'None', 'target': 'EdgeServer_4', 'start': 1, 'end': 8, 'waiting': 0, 'pulling': 7, 'migr_state': 0}"
Service_4,26,4,True,5.0,False,"{'status': 'finished', 'origin': 'None', 'target': 'EdgeServer_5', 'start': 1, 'end': 1, 'waiting': 0, 'pulling': 0, 'migr_state': 0}"
Service_5,26,5,True,3.0,False,"{'status': 'finished', 'origin': 'None', 'target': 'EdgeServer_3', 'start': 1, 'end': 4, 'waiting': 0, 'pulling': 3, 'migr_state': 0}"
Service_6,26,6,True,2.0,False,"{'status': 'finished', 'origin': 'None', 'target': 'EdgeServer_2', 'start': 1, 'end': 8, 'waiting': 0, 'pulling': 7, 'migr_state': 0}"
Service_1,27,1,True,1.0,False,"{'status': 'finished', 'origin': 'None', 'target': 'EdgeServer_1', 'start': 2, 'end': 3, 'waiting': 0, 'pulling': 1, 'migr_state': 0}"
Service_2,27,2,True,,False,
Service_3,27,3,True,4.0,False,"{'status': 'finished', 'origin': 'None', 'target': 'EdgeServer_4', 'start': 1, 'end': 8, 'waiting': 0, 'pulling': 7, 'migr_state': 0}"
Service_4,27,4,True,5.0,False,"{'status': 'finished', 'origin': 'None', 'target': 'EdgeServer_5', 'start': 1, 'end': 1, 'waiting': 0, 'pulling': 0, 'migr_state': 0}"
Service_5,27,5,True,3.0,False,"{'status': 'finished', 'origin': 'None', 'target': 'EdgeServer_3', 'start': 1, 'end': 4, 'waiting': 0, 'pulling': 3, 'migr_state': 0}"
Service_6,27,6,True,2.0,False,"{'status': 'finished', 'origin': 'None', 'target': 'EdgeServer_2', 'start': 1, 'end': 8, 'waiting': 0, 'pulling': 7, 'migr_state': 0}"
Service_1,28,1,True,1.0,False,"{'status': 'finished', 'origin': 'None', 'target': 'EdgeServer_1', 'start': 2, 'end': 3, 'waiting': 0, 'pulling': 1, 'migr_state': 0}"
Service_2,28,2,True,,False,
Service_3,28,3,True,4.0,False,"{'status': 'finished', 'origin': 'None', 'target': 'EdgeServer_4', 'start': 1, 'end': 8, 'waiting': 0, 'pulling': 7, 'migr_state': 0}"
Service_4,28,4,True,5.0,False,"{'status': 'finished', 'origin': 'None', 'target': 'EdgeServer_5', 'start': 1, 'end': 1, 'waiting': 0, 'pulling': 0, 'migr_state': 0}"
Service_5,28,5,True,3.0,False,"{'status': 'finished', 'origin': 'None', 'target': 'EdgeServer_3', 'start': 1, 'end': 4, 'waiting': 0, 'pulling': 3, 'migr_state': 0}"
Service_6,28,6,True,2.0,False,"{'status': 'finished', 'origin': 'None', 'target': 'EdgeServer_2', 'start': 1, 'end': 8, 'waiting': 0, 'pulling': 7, 'migr_state': 0}"
Service_1,29,1,True,1.0,False,"{'status': 'finished', 'origin': 'None', 'target': 'EdgeServer_1', 'start': 2, 'end': 3, 'waiting': 0, 'pulling': 1, 'migr_state': 0}"
Service_2,29,2,True,,False,
Service_3,29,3,True,4.0,False,"{'status': 'finished', 'origin': 'None', 'target': 'EdgeServer_4', 'start': 1, 'end': 8, 'waiting': 0, 'pulling': 7, 'migr_state': 0}"
Service_4,29,4,True,5.0,False,"{'status': 'finished', 'origin': 'None', 'target': 'EdgeServer_5', 'start': 1, 'end': 1, 'waiting': 0, 'pulling': 0, 'migr_state': 0}"
Service_5,29,5,True,3.0,False,"{'status': 'finished', 'origin': 'None', 'target': 'EdgeServer_3', 'start': 1, 'end': 4, 'waiting': 0, 'pulling': 3, 'migr_state': 0}"
Service_6,29,6,True,2.0,False,"{'status': 'finished', 'origin': 'None', 'target': 'EdgeServer_2', 'start': 1, 'end': 8, 'waiting': 0, 'pulling': 7, 'migr_state': 0}"
Service_1,30,1,True,1.0,False,"{'status': 'finished', 'origin': 'None', 'target': 'EdgeServer_1', 'start': 2, 'end': 3, 'waiting': 0, 'pulling': 1, 'migr_state': 0}"
Service_2,30,2,True,,False,
Service_3,30,3,True,4.0,False,"{'status': 'finished', 'origin': 'None', 'target': 'EdgeServer_4', 'start': 1, 'end': 8, 'waiting': 0, 'pulling': 7, 'migr_state': 0}"
Service_4,30,4,True,5.0,False,"{'status': 'finished', 'origin': 'None', 'target': 'EdgeServer_5', 'start': 1, 'end': 1, 'waiting': 0, 'pulling': 0, 'migr_state': 0}"
Service_5,30,5,True,3.0,False,"{'status': 'finished', 'origin': 'None', 'target': 'EdgeServer_3', 'start': 1, 'end': 4, 'waiting': 0, 'pulling': 3, 'migr_state': 0}"
Service_6,30,6,True,2.0,False,"{'status': 'finished', 'origin': 'None', 'target': 'EdgeServer_2', 'start': 1, 'end': 8, 'waiting': 0, 'pulling': 7, 'migr_state': 0}"
Service_1,31,1,True,1.0,False,"{'status': 'finished', 'origin': 'None', 'target': 'EdgeServer_1', 'start': 2, 'end': 3, 'waiting': 0, 'pulling': 1, 'migr_state': 0}"
Service_2,31,2,True,,False,
Service_3,31,3,True,4.0,False,"{'status': 'finished', 'origin': 'None', 'target': 'EdgeServer_4', 'start': 1, 'end': 8, 'waiting': 0, 'pulling': 7, 'migr_state': 0}"
Service_4,31,4,True,5.0,False,"{'status': 'finished', 'origin': 'None', 'target': 'EdgeServer_5', 'start': 1, 'end': 1, 'waiting': 0, 'pulling': 0, 'migr_state': 0}"
Service_5,31,5,True,3.0,False,"{'status': 'finished', 'origin': 'None', 'target': 'EdgeServer_3', 'start': 1, 'end': 4, 'waiting': 0, 'pulling': 3, 'migr_state': 0}"
Service_6,31,6,True,2.0,False,"{'status': 'finished', 'origin': 'None', 'target': 'EdgeServer_2', 'start': 1, 'end': 8, 'waiting': 0, 'pulling': 7, 'migr_state': 0}"
Service_1,32,1,True,1.0,False,"{'status': 'finished', 'origin': 'None', 'target': 'EdgeServer_1', 'start': 2, 'end': 3, 'waiting': 0, 'pulling': 1, 'migr_state': 0}"
Service_2,32,2,True,,False,
Service_3,32,3,True,4.0,False,"{'status': 'finished', 'origin': 'None', 'target': 'EdgeServer_4', 'start': 1, 'end': 8, 'waiting': 0, 'pulling': 7, 'migr_state': 0}"
Service_4,32,4,True,5.0,False,"{'status': 'finished', 'origin': 'None', 'target': 'EdgeServer_5', 'start': 1, 'end': 1, 'waiting': 0, 'pulling': 0, 'migr_state': 0}"
Service_5,32,5,True,3.0,False,"{'status': 'finished', 'origin': 'None', 'target': 'EdgeServer_3', 'start': 1, 'end': 4, 'waiting': 0, 'pulling': 3, 'migr_state': 0}"
Service_6,32,6,True,2.0,False,"{'status': 'finished', 'origin': 'None', 'target': 'EdgeServer_2', 'start': 1, 'end': 8, 'waiting': 0, 'pulling': 7, 'migr_state': 0}"
Service_1,33,1,True,1.0,False,"{'status': 'finished', 'origin': 'None', 'target': 'EdgeServer_1', 'start': 2, 'end': 3, 'waiting': 0, 'pulling': 1, 'migr_state': 0}"
Service_2,33,2,True,,False,
Service_3,33,3,True,4.0,False,"{'status': 'finished', 'origin': 'None', 'target': 'EdgeServer_4', 'start': 1, 'end': 8, 'waiting': 0, 'pulling': 7, 'migr_state': 0}"
Service_4,33,4,True,5.0,False,"{'status': 'finished', 'origin': 'None', 'target': 'EdgeServer_5', 'start': 1, 'end': 1, 'waiting': 0, 'pulling': 0, 'migr_state': 0}"
Service_5,33,5,True,3.0,False,"{'status': 'finished', 'origin': 'None', 'target': 'EdgeServer_3', 'start': 1, 'end': 4, 'waiting': 0, 'pulling': 3, 'migr_state': 0}"
Service_6,33,6,True,2.0,False,"{'status': 'finished', 'origin': 'None', 'target': 'EdgeServer_2', 'start': 1, 'end': 8, 'waiting': 0, 'pulling': 7, 'migr_state': 0}"
Service_1,34,1,True,1.0,False,"{'status': 'finished', 'origin': 'None', 'target': 'EdgeServer_1', 'start': 2, 'end': 3, 'waiting': 0, 'pulling': 1, 'migr_state': 0}"
Service_2,34,2,True,,False,
Service_3,34,3,True,4.0,False,"{'status': 'finished', 'origin': 'None', 'target': 'EdgeServer_4', 'start': 1, 'end': 8, 'waiting': 0, 'pulling': 7, 'migr_state': 0}"
Service_4,34,4,True,5.0,False,"{'status': 'finished', 'origin': 'None', 'target': 'EdgeServer_5', 'start': 1, 'end': 1, 'waiting': 0, 'pulling': 0, 'migr_state': 0}"
Service_5,34,5,True,3.0,False,"{'status': 'finished', 'origin': 'None', 'target': 'EdgeServer_3', 'start': 1, 'end': 4, 'waiting': 0, 'pulling': 3, 'migr_state': 0}"
Service_6,34,6,True,2.0,False,"{'status': 'finished', 'origin': 'None', 'target': 'EdgeServer_2', 'start': 1, 'end': 8, 'waiting': 0, 'pulling': 7, 'migr_state': 0}"
Service_1,35,1,True,1.0,False,"{'status': 'finished', 'origin': 'None', 'target': 'EdgeServer_1', 'start': 2, 'end': 3, 'waiting': 0, 'pulling': 1, 'migr_state': 0}"
Service_2,35,2,True,,False,
Service_3,35,3,True,4.0,False,"{'status': 'finished', 'origin': 'None', 'target': 'EdgeServer_4', 'start': 1, 'end': 8, 'waiting': 0, 'pulling': 7, 'migr_state': 0}"
Service_4,35,4,True,5.0,False,"{'status': 'finished', 'origin': 'None', 'target': 'EdgeServer_5', 'start': 1, 'end': 1, 'waiting': 0, 'pulling': 0, 'migr_state': 0}"
Service_5,35,5,True,3.0,False,"{'status': 'finished', 'origin': 'None', 'target': 'EdgeServer_3', 'start': 1, 'end': 4, 'waiting': 0, 'pulling': 3, 'migr_state': 0}"
Service_6,35,6,True,2.0,False,"{'status': 'finished', 'origin': 'None', 'target': 'EdgeServer_2', 'start': 1, 'end': 8, 'waiting': 0, 'pulling': 7, 'migr_state': 0}"
Service_1,36,1,True,1.0,False,"{'status': 'finished', 'origin': 'None', 'target': 'EdgeServer_1', 'start': 2, 'end': 3, 'waiting': 0, 'pulling': 1, 'migr_state': 0}"
Service_2,36,2,True,,False,
Service_3,36,3,True,4.0,False,"{'status': 'finished', 'origin': 'None', 'target': 'EdgeServer_4', 'start': 1, 'end': 8, 'waiting': 0, 'pulling': 7, 'migr_state': 0}"
Service_4,36,4,True,5.0,False,"{'status': 'finished', 'origin': 'None', 'target': 'EdgeServer_5', 'start': 1, 'end': 1, 'waiting': 0, 'pulling': 0, 'migr_state': 0}"
Service_5,36,5,True,3.0,False,"{'status': 'finished', 'origin': 'None', 'target': 'EdgeServer_3', 'start': 1, 'end': 4, 'waiting': 0, 'pulling': 3, 'migr_state': 0}"
Service_6,36,6,True,2.0,False,"{'status': 'finished', 'origin': 'None', 'target': 'EdgeServer_2', 'start': 1, 'end': 8, 'waiting': 0, 'pulling': 7, 'migr_state': 0}"
Service_1,37,1,True,1.0,False,"{'status': 'finished', 'origin': 'None', 'target': 'EdgeServer_1', 'start': 2, 'end': 3, 'waiting': 0, 'pulling': 1, 'migr_state': 0}"
Service_2,37,2,True,,False,
Service_3,37,3,True,4.0,False,"{'status': 'finished', 'origin': 'None', 'target': 'EdgeServer_4', 'start': 1, 'end': 8, 'waiting': 0, 'pulling': 7, 'migr_state': 0}"
Service_4,37,4,True,5.0,False,"{'status': 'finished', 'origin': 'None', 'target': 'EdgeServer_5', 'start': 1, 'end': 1, 'waiting': 0, 'pulling': 0, 'migr_state': 0}"
Service_5,37,5,True,3.0,False,"{'status': 'finished', 'origin': 'None', 'target': 'EdgeServer_3', 'start': 1, 'end': 4, 'waiting': 0, 'pulling': 3, 'migr_state': 0}"
Service_6,37,6,True,2.0,False,"{'status': 'finished', 'origin': 'None', 'target': 'EdgeServer_2', 'start': 1, 'end': 8, 'waiting': 0, 'pulling': 7, 'migr_state': 0}"
Service_1,38,1,True,1.0,False,"{'status': 'finished', 'origin': 'None', 'target': 'EdgeServer_1', 'start': 2, 'end': 3, 'waiting': 0, 'pulling': 1, 'migr_state': 0}"
Service_2,38,2,True,,False,
Service_3,38,3,True,4.0,False,"{'status': 'finished', 'origin': 'None', 'target': 'EdgeServer_4', 'start': 1, 'end': 8, 'waiting': 0, 'pulling': 7, 'migr_state': 0}"
Service_4,38,4,True,5.0,False,"{'status': 'finished', 'origin': 'None', 'target': 'EdgeServer_5', 'start': 1, 'end': 1, 'waiting': 0, 'pulling': 0, 'migr_state': 0}"
Service_5,38,5,True,3.0,False,"{'status': 'finished', 'origin': 'None', 'target': 'EdgeServer_3', 'start': 1, 'end': 4, 'waiting': 0, 'pulling': 3, 'migr_state': 0}"
Service_6,38,6,True,2.0,False,"{'status': 'finished', 'origin': 'None', 'target': 'EdgeServer_2', 'start': 1, 'end': 8, 'waiting': 0, 'pulling': 7, 'migr_state': 0}"
Service_1,39,1,True,1.0,False,"{'status': 'finished', 'origin': 'None', 'target': 'EdgeServer_1', 'start': 2, 'end': 3, 'waiting': 0, 'pulling': 1, 'migr_state': 0}"
Service_2,39,2,True,,False,
Service_3,39,3,True,4.0,False,"{'status': 'finished', 'origin': 'None', 'target': 'EdgeServer_4', 'start': 1, 'end': 8, 'waiting': 0, 'pulling': 7, 'migr_state': 0}"
Service_4,39,4,True,5.0,False,"{'status': 'finished', 'origin': 'None', 'target': 'EdgeServer_5', 'start': 1, 'end': 1, 'waiting': 0, 'pulling': 0, 'migr_state': 0}"
Service_5,39,5,True,3.0,False,"{'status': 'finished', 'origin': 'None', 'target': 'EdgeServer_3', 'start': 1, 'end': 4, 'waiting': 0, 'pulling': 3, 'migr_state': 0}"
Service_6,39,6,True,2.0,False,"{'status': 'finished', 'origin': 'None', 'target': 'EdgeServer_2', 'start': 1, 'end': 8, 'waiting': 0, 'pulling': 7, 'migr_state': 0}"
Service_1,40,1,True,1.0,False,"{'status': 'finished', 'origin': 'None', 'target': 'EdgeServer_1', 'start': 2, 'end': 3, 'waiting': 0, 'pulling': 1, 'migr_state': 0}"
Service_2,40,2,True,,False,
Service_3,40,3,True,4.0,False,"{'status': 'finished', 'origin': 'None', 'target': 'EdgeServer_4', 'start': 1, 'end': 8, 'waiting': 0, 'pulling': 7, 'migr_state': 0}"
Service_4,40,4,True,5.0,False,"{'status': 'finished', 'origin': 'None', 'target': 'EdgeServer_5', 'start': 1, 'end': 1, 'waiting': 0, 'pulling': 0, 'migr_state': 0}"
Service_5,40,5,True,3.0,False,"{'status': 'finished', 'origin': 'None', 'target': 'EdgeServer_3', 'start': 1, 'end': 4, 'waiting': 0, 'pulling': 3, 'migr_state': 0}"
Service_6,40,6,True,2.0,False,"{'status': 'finished', 'origin': 'None', 'target': 'EdgeServer_2', 'start': 1, 'end': 8, 'waiting': 0, 'pulling': 7, 'migr_state': 0}"
Service_1,41,1,True,1.0,False,"{'status': 'finished', 'origin': 'None', 'target': 'EdgeServer_1', 'start': 2, 'end': 3, 'waiting': 0, 'pulling': 1, 'migr_state': 0}"
Service_2,41,2,True,,False,
Service_3,41,3,True,4.0,False,"{'status': 'finished', 'origin': 'None', 'target': 'EdgeServer_4', 'start': 1, 'end': 8, 'waiting': 0, 'pulling': 7, 'migr_state': 0}"
Service_4,41,4,True,5.0,False,"{'status': 'finished', 'origin': 'None', 'target': 'EdgeServer_5', 'start': 1, 'end': 1, 'waiting': 0, 'pulling': 0, 'migr_state': 0}"
Service_5,41,5,True,3.0,False,"{'status': 'finished', 'origin': 'None', 'target': 'EdgeServer_3', 'start': 1, 'end': 4, 'waiting': 0, 'pulling': 3, 'migr_state': 0}"
Service_6,41,6,True,2.0,False,"{'status': 'finished', 'origin': 'None', 'target': 'EdgeServer_2', 'start': 1, 'end': 8, 'waiting': 0, 'pulling': 7, 'migr_state': 0}"
Service_1,42,1,True,1.0,False,"{'status': 'finished', 'origin': 'None', 'target': 'EdgeServer_1', 'start': 2, 'end': 3, 'waiting': 0, 'pulling': 1, 'migr_state': 0}"
Service_2,42,2,True,,False,
Service_3,42,3,True,4.0,False,"{'status': 'finished', 'origin': 'None', 'target': 'EdgeServer_4', 'start': 1, 'end': 8, 'waiting': 0, 'pulling': 7, 'migr_state': 0}"
Service_4,42,4,True,5.0,False,"{'status': 'finished', 'origin': 'None', 'target': 'EdgeServer_5', 'start': 1, 'end': 1, 'waiting': 0, 'pulling': 0, 'migr_state': 0}"
Service_5,42,5,True,3.0,False,"{'status': 'finished', 'origin': 'None', 'target': 'EdgeServer_3', 'start': 1, 'end': 4, 'waiting': 0, 'pulling': 3, 'migr_state': 0}"
Service_6,42,6,True,2.0,False,"{'status': 'finished', 'origin': 'None', 'target': 'EdgeServer_2', 'start': 1, 'end': 8, 'waiting': 0, 'pulling': 7, 'migr_state': 0}"
Service_1,43,1,True,1.0,False,"{'status': 'finished', 'origin': 'None', 'target': 'EdgeServer_1', 'start': 2, 'end': 3, 'waiting': 0, 'pulling': 1, 'migr_state': 0}"
Service_2,43,2,True,,False,
Service_3,43,3,True,4.0,False,"{'status': 'finished', 'origin': 'None', 'target': 'EdgeServer_4', 'start': 1, 'end': 8, 'waiting': 0, 'pulling': 7, 'migr_state': 0}"
Service_4,43,4,True,5.0,False,"{'status': 'finished', 'origin': 'None', 'target': 'EdgeServer_5', 'start': 1, 'end': 1, 'waiting': 0, 'pulling': 0, 'migr_state': 0}"
Service_5,43,5,True,3.0,False,"{'status': 'finished', 'origin': 'None', 'target': 'EdgeServer_3', 'start': 1, 'end': 4, 'waiting': 0, 'pulling': 3, 'migr_state': 0}"
Service_6,43,6,True,2.0,False,"{'status': 'finished', 'origin': 'None', 'target': 'EdgeServer_2', 'start': 1, 'end': 8, 'waiting': 0, 'pulling': 7, 'migr_state': 0}"
Service_1,44,1,True,1.0,False,"{'status': 'finished', 'origin': 'None', 'target': 'EdgeServer_1', 'start': 2, 'end': 3, 'waiting': 0, 'pulling': 1, 'migr_state': 0}"
Service_2,44,2,True,,False,
Service_3,44,3,True,4.0,False,"{'status': 'finished', 'origin': 'None', 'target': 'EdgeServer_4', 'start': 1, 'end': 8, 'waiting': 0, 'pulling': 7, 'migr_state': 0}"
Service_4,44,4,True,5.0,False,"{'status': 'finished', 'origin': 'None', 'target': 'EdgeServer_5', 'start': 1, 'end': 1, 'waiting': 0, 'pulling': 0, 'migr_state': 0}"
Service_5,44,5,True,3.0,False,"{'status': 'finished', 'origin': 'None', 'target': 'EdgeServer_3', 'start': 1, 'end': 4, 'waiting': 0, 'pulling': 3, 'migr_state': 0}"
Service_6,44,6,True,2.0,False,"{'status': 'finished', 'origin': 'None', 'target': 'EdgeServer_2', 'start': 1, 'end': 8, 'waiting': 0, 'pulling': 7, 'migr_state': 0}"
Service_1,45,1,True,1.0,False,"{'status': 'finished', 'origin': 'None', 'target': 'EdgeServer_1', 'start': 2, 'end': 3, 'waiting': 0, 'pulling': 1, 'migr_state': 0}"
Service_2,45,2,True,,False,
Service_3,45,3,True,4.0,False,"{'status': 'finished', 'origin': 'None', 'target': 'EdgeServer_4', 'start': 1, 'end': 8, 'waiting': 0, 'pulling': 7, 'migr_state': 0}"
Service_4,45,4,True,5.0,False,"{'status': 'finished', 'origin': 'None', 'target': 'EdgeServer_5', 'start': 1, 'end': 1, 'waiting': 0, 'pulling': 0, 'migr_state': 0}"
Service_5,45,5,True,3.0,False,"{'status': 'finished', 'origin': 'None', 'target': 'EdgeServer_3', 'start': 1, 'end': 4, 'waiting': 0, 'pulling': 3, 'migr_state': 0}"
Service_6,45,6,True,2.0,False,"{'status': 'finished', 'origin': 'None', 'target': 'EdgeServer_2', 'start': 1, 'end': 8, 'waiting': 0, 'pulling': 7, 'migr_state': 0}"
Service_1,46,1,True,1.0,False,"{'status': 'finished', 'origin': 'None', 'target': 'EdgeServer_1', 'start': 2, 'end': 3, 'waiting': 0, 'pulling': 1, 'migr_state': 0}"
Service_2,46,2,True,,False,
Service_3,46,3,True,4.0,False,"{'status': 'finished', 'origin': 'None', 'target': 'EdgeServer_4', 'start': 1, 'end': 8, 'waiting': 0, 'pulling': 7, 'migr_state': 0}"
Service_4,46,4,True,5.0,False,"{'status': 'finished', 'origin': 'None', 'target': 'EdgeServer_5', 'start': 1, 'end': 1, 'waiting': 0, 'pulling': 0, 'migr_state': 0}"
Service_5,46,5,True,3.0,False,"{'status': 'finished', 'origin': 'None', 'target': 'EdgeServer_3', 'start': 1, 'end': 4, 'waiting': 0, 'pulling': 3, 'migr_state': 0}"
Service_6,46,6,True,2.0,False,"{'status': 'finished', 'origin': 'None', 'target': 'EdgeServer_2', 'start': 1, 'end': 8, 'waiting': 0, 'pulling': 7, 'migr_state': 0}"
Service_1,47,1,True,1.0,False,"{'status': 'finished', 'origin': 'None', 'target': 'EdgeServer_1', 'start': 2, 'end': 3, 'waiting': 0, 'pulling': 1, 'migr_state': 0}"
Service_2,47,2,True,,False,
Service_3,47,3,True,4.0,False,"{'status': 'finished', 'origin': 'None', 'target': 'EdgeServer_4', 'start': 1, 'end': 8, 'waiting': 0, 'pulling': 7, 'migr_state': 0}"
Service_4,47,4,True,5.0,False,"{'status': 'finished', 'origin': 'None', 'target': 'EdgeServer_5', 'start': 1, 'end': 1, 'waiting': 0, 'pulling': 0, 'migr_state': 0}"
Service_5,47,5,True,3.0,False,"{'status': 'finished', 'origin': 'None', 'target': 'EdgeServer_3', 'start': 1, 'end': 4, 'waiting': 0, 'pulling': 3, 'migr_state': 0}"
Service_6,47,6,True,2.0,False,"{'status': 'finished', 'origin': 'None', 'target': 'EdgeServer_2', 'start': 1, 'end': 8, 'waiting': 0, 'pulling': 7, 'migr_state': 0}"
Service_1,48,1,True,1.0,False,"{'status': 'finished', 'origin': 'None', 'target': 'EdgeServer_1', 'start': 2, 'end': 3, 'waiting': 0, 'pulling': 1, 'migr_state': 0}"
Service_2,48,2,True,,False,
Service_3,48,3,True,4.0,False,"{'status': 'finished', 'origin': 'None', 'target': 'EdgeServer_4', 'start': 1, 'end': 8, 'waiting': 0, 'pulling': 7, 'migr_state': 0}"
Service_4,48,4,True,5.0,False,"{'status': 'finished', 'origin': 'None', 'target': 'EdgeServer_5', 'start': 1, 'end': 1, 'waiting': 0, 'pulling': 0, 'migr_state': 0}"
Service_5,48,5,True,3.0,False,"{'status': 'finished', 'origin': 'None', 'target': 'EdgeServer_3', 'start': 1, 'end': 4, 'waiting': 0, 'pulling': 3, 'migr_state': 0}"
Service_6,48,6,True,2.0,False,"{'status': 'finished', 'origin': 'None', 'target': 'EdgeServer_2', 'start': 1, 'end': 8, 'waiting': 0, 'pulling': 7, 'migr_state': 0}"
Service_1,49,1,True,1.0,False,"{'status': 'finished', 'origin': 'None', 'target': 'EdgeServer_1', 'start': 2, 'end': 3, 'waiting': 0, 'pulling': 1, 'migr_state': 0}"
Service_2,49,2,True,,False,
Service_3,49,3,True,4.0,False,"{'status': 'finished', 'origin': 'None', 'target': 'EdgeServer_4', 'start': 1, 'end': 8, 'waiting': 0, 'pulling': 7, 'migr_state': 0}"
Service_4,49,4,True,5.0,False,"{'status': 'finished', 'origin': 'None', 'target': 'EdgeServer_5', 'start': 1, 'end': 1, 'waiting': 0, 'pulling': 0, 'migr_state': 0}"
Service_5,49,5,True,3.0,False,"{'status': 'finished', 'origin': 'None', 'target': 'EdgeServer_3', 'start': 1, 'end': 4, 'waiting': 0, 'pulling': 3, 'migr_state': 0}"
Service_6,49,6,True,2.0,False,"{'status': 'finished', 'origin': 'None', 'target': 'EdgeServer_2', 'start': 1, 'end': 8, 'waiting': 0, 'pulling': 7, 'migr_state': 0}"
Service_1,50,1,True,1.0,False,"{'status': 'finished', 'origin': 'None', 'target': 'EdgeServer_1', 'start': 2, 'end': 3, 'waiting': 0, 'pulling': 1, 'migr_state': 0}"
Service_2,50,2,True,,False,
Service_3,50,3,True,4.0,False,"{'status': 'finished', 'origin': 'None', 'target': 'EdgeServer_4', 'start': 1, 'end': 8, 'waiting': 0, 'pulling': 7, 'migr_state': 0}"
Service_4,50,4,True,5.0,False,"{'status': 'finished', 'origin': 'None', 'target': 'EdgeServer_5', 'start': 1, 'end': 1, 'waiting': 0, 'pulling': 0, 'migr_state': 0}"
Service_5,50,5,True,3.0,False,"{'status': 'finished', 'origin': 'None', 'target': 'EdgeServer_3', 'start': 1, 'end': 4, 'waiting': 0, 'pulling': 3, 'migr_state': 0}"
Service_6,50,6,True,2.0,False,"{'status': 'finished', 'origin': 'None', 'target': 'EdgeServer_2', 'start': 1, 'end': 8, 'waiting': 0, 'pulling': 7, 'migr_state': 0}"
Service_1,51,1,True,1.0,False,"{'status': 'finished', 'origin': 'None', 'target': 'EdgeServer_1', 'start': 2, 'end': 3, 'waiting': 0, 'pulling': 1, 'migr_state': 0}"
Service_2,51,2,True,,False,
Service_3,51,3,True,4.0,False,"{'status': 'finished', 'origin': 'None', 'target': 'EdgeServer_4', 'start': 1, 'end': 8, 'waiting': 0, 'pulling': 7, 'migr_state': 0}"
Service_4,51,4,True,5.0,False,"{'status': 'finished', 'origin': 'None', 'target': 'EdgeServer_5', 'start': 1, 'end': 1, 'waiting': 0, 'pulling': 0, 'migr_state': 0}"
Service_5,51,5,True,3.0,False,"{'status': 'finished', 'origin': 'None', 'target': 'EdgeServer_3', 'start': 1, 'end': 4, 'waiting': 0, 'pulling': 3, 'migr_state': 0}"
Service_6,51,6,True,2.0,False,"{'status': 'finished', 'origin': 'None', 'target': 'EdgeServer_2', 'start': 1, 'end': 8, 'waiting': 0, 'pulling': 7, 'migr_state': 0}"
Service_1,52,1,True,1.0,False,"{'status': 'finished', 'origin': 'None', 'target': 'EdgeServer_1', 'start': 2, 'end': 3, 'waiting': 0, 'pulling': 1, 'migr_state': 0}"
Service_2,52,2,True,,False,
Service_3,52,3,True,4.0,False,"{'status': 'finished', 'origin': 'None', 'target': 'EdgeServer_4', 'start': 1, 'end': 8, 'waiting': 0, 'pulling': 7, 'migr_state': 0}"
Service_4,52,4,True,5.0,False,"{'status': 'finished', 'origin': 'None', 'target': 'EdgeServer_5', 'start': 1, 'end': 1, 'waiting': 0, 'pulling': 0, 'migr_state': 0}"
Service_5,52,5,True,3.0,False,"{'status': 'finished', 'origin': 'None', 'target': 'EdgeServer_3', 'start': 1, 'end': 4, 'waiting': 0, 'pulling': 3, 'migr_state': 0}"
Service_6,52,6,True,2.0,False,"{'status': 'finished', 'origin': 'None', 'target': 'EdgeServer_2', 'start': 1, 'end': 8, 'waiting': 0, 'pulling': 7, 'migr_state': 0}"
Service_1,53,1,True,1.0,False,"{'status': 'finished', 'origin': 'None', 'target': 'EdgeServer_1', 'start': 2, 'end': 3, 'waiting': 0, 'pulling': 1, 'migr_state': 0}"
Service_2,53,2,True,,False,
Service_3,53,3,True,4.0,False,"{'status': 'finished', 'origin': 'None', 'target': 'EdgeServer_4', 'start': 1, 'end': 8, 'waiting': 0, 'pulling': 7, 'migr_state': 0}"
Service_4,53,4,True,5.0,False,"{'status': 'finished', 'origin': 'None', 'target': 'EdgeServer_5', 'start': 1, 'end': 1, 'waiting': 0, 'pulling': 0, 'migr_state': 0}"
Service_5,53,5,True,3.0,False,"{'status': 'finished', 'origin': 'None', 'target': 'EdgeServer_3', 'start': 1, 'end': 4, 'waiting': 0, 'pulling': 3, 'migr_state': 0}"
Service_6,53,6,True,2.0,False,"{'status': 'finished', 'origin': 'None', 'target': 'EdgeServer_2', 'start': 1, 'end': 8, 'waiting': 0, 'pulling': 7, 'migr_state': 0}"
Service_1,54,1,True,1.0,False,"{'status': 'finished', 'origin': 'None', 'target': 'EdgeServer_1', 'start': 2, 'end': 3, 'waiting': 0, 'pulling': 1, 'migr_state': 0}"
Service_2,54,2,True,,False,
Service_3,54,3,True,4.0,False,"{'status': 'finished', 'origin': 'None', 'target': 'EdgeServer_4', 'start': 1, 'end': 8, 'waiting': 0, 'pulling': 7, 'migr_state': 0}"
Service_4,54,4,True,5.0,False,"{'status': 'finished', 'origin': 'None', 'target': 'EdgeServer_5', 'start': 1, 'end': 1, 'waiting': 0, 'pulling': 0, 'migr_state': 0}"
Service_5,54,5,True,3.0,False,"{'status': 'finished', 'origin': 'None', 'target': 'EdgeServer_3', 'start': 1, 'end': 4, 'waiting': 0, 'pulling': 3, 'migr_state': 0}"
Service_6,54,6,True,2.0,False,"{'status': 'finished', 'origin': 'None', 'target': 'EdgeServer_2', 'start': 1, 'end': 8, 'waiting': 0, 'pulling': 7, 'migr_state': 0}"
Service_1,55,1,True,1.0,False,"{'status': 'finished', 'origin': 'None', 'target': 'EdgeServer_1', 'start': 2, 'end': 3, 'waiting': 0, 'pulling': 1, 'migr_state': 0}"
Service_2,55,2,True,,False,
Service_3,55,3,True,4.0,False,"{'status': 'finished', 'origin': 'None', 'target': 'EdgeServer_4', 'start': 1, 'end': 8, 'waiting': 0, 'pulling': 7, 'migr_state': 0}"
Service_4,55,4,True,5.0,False,"{'status': 'finished', 'origin': 'None', 'target': 'EdgeServer_5', 'start': 1, 'end': 1, 'waiting': 0, 'pulling': 0, 'migr_state': 0}"
Service_5,55,5,True,3.0,False,"{'status': 'finished', 'origin': 'None', 'target': 'EdgeServer_3', 'start': 1, 'end': 4, 'waiting': 0, 'pulling': 3, 'migr_state': 0}"
Service_6,55,6,True,2.0,False,"{'status': 'finished', 'origin': 'None', 'target': 'EdgeServer_2', 'start': 1, 'end': 8, 'waiting': 0, 'pulling': 7, 'migr_state': 0}"
Service_1,56,1,True,1.0,False,"{'status': 'finished', 'origin': 'None', 'target': 'EdgeServer_1', 'start': 2, 'end': 3, 'waiting': 0, 'pulling': 1, 'migr_state': 0}"
Service_2,56,2,True,,False,
Service_3,56,3,True,4.0,False,"{'status': 'finished', 'origin': 'None', 'target': 'EdgeServer_4', 'start': 1, 'end': 8, 'waiting': 0, 'pulling': 7, 'migr_state': 0}"
Service_4,56,4,True,5.0,False,"{'status': 'finished', 'origin': 'None', 'target': 'EdgeServer_5', 'start': 1, 'end': 1, 'waiting': 0, 'pulling': 0, 'migr_state': 0}"
Service_5,56,5,True,3.0,False,"{'status': 'finished', 'origin': 'None', 'target': 'EdgeServer_3', 'start': 1, 'end': 4, 'waiting': 0, 'pulling': 3, 'migr_state': 0}"
Service_6,56,6,True,2.0,False,"{'status': 'finished', 'origin': 'None', 'target': 'EdgeServer_2', 'start': 1, 'end': 8, 'waiting': 0, 'pulling': 7, 'migr_state': 0}"
Service_1,57,1,True,1.0,False,"{'status': 'finished', 'origin': 'None', 'target': 'EdgeServer_1', 'start': 2, 'end': 3, 'waiting': 0, 'pulling': 1, 'migr_state': 0}"
Service_2,57,2,True,,False,
Service_3,57,3,True,4.0,False,"{'status': 'finished', 'origin': 'None', 'target': 'EdgeServer_4', 'start': 1, 'end': 8, 'waiting': 0, 'pulling': 7, 'migr_state': 0}"
Service_4,57,4,True,5.0,False,"{'status': 'finished', 'origin': 'None', 'target': 'EdgeServer_5', 'start': 1, 'end': 1, 'waiting': 0, 'pulling': 0, 'migr_state': 0}"
Service_5,57,5,True,3.0,False,"{'status': 'finished', 'origin': 'None', 'target': 'EdgeServer_3', 'start': 1, 'end': 4, 'waiting': 0, 'pulling': 3, 'migr_state': 0}"
Service_6,57,6,True,2.0,False,"{'status': 'finished', 'origin': 'None', 'target': 'EdgeServer_2', 'start': 1, 'end': 8, 'waiting': 0, 'pulling': 7, 'migr_state': 0}"
Service_1,58,1,True,1.0,False,"{'status': 'finished', 'origin': 'None', 'target': 'EdgeServer_1', 'start': 2, 'end': 3, 'waiting': 0, 'pulling': 1, 'migr_state': 0}"
Service_2,58,2,True,,False,
Service_3,58,3,True,4.0,False,"{'status': 'finished', 'origin': 'None', 'target': 'EdgeServer_4', 'start': 1, 'end': 8, 'waiting': 0, 'pulling': 7, 'migr_state': 0}"
Service_4,58,4,True,5.0,False,"{'status': 'finished', 'origin': 'None', 'target': 'EdgeServer_5', 'start': 1, 'end': 1, 'waiting': 0, 'pulling': 0, 'migr_state': 0}"
Service_5,58,5,True,3.0,False,"{'status': 'finished', 'origin': 'None', 'target': 'EdgeServer_3', 'start': 1, 'end': 4, 'waiting': 0, 'pulling': 3, 'migr_state': 0}"
Service_6,58,6,True,2.0,False,"{'status': 'finished', 'origin': 'None', 'target': 'EdgeServer_2', 'start': 1, 'end': 8, 'waiting': 0, 'pulling': 7, 'migr_state': 0}"
Service_1,59,1,True,1.0,False,"{'status': 'finished', 'origin': 'None', 'target': 'EdgeServer_1', 'start': 2, 'end': 3, 'waiting': 0, 'pulling': 1, 'migr_state': 0}"
Service_2,59,2,True,,False,
Service_3,59,3,True,4.0,False,"{'status': 'finished', 'origin': 'None', 'target': 'EdgeServer_4', 'start': 1, 'end': 8, 'waiting': 0, 'pulling': 7, 'migr_state': 0}"
Service_4,59,4,True,5.0,False,"{'status': 'finished', 'origin': 'None', 'target': 'EdgeServer_5', 'start': 1, 'end': 1, 'waiting': 0, 'pulling': 0, 'migr_state': 0}"
Service_5,59,5,True,3.0,False,"{'status': 'finished', 'origin': 'None', 'target': 'EdgeServer_3', 'start': 1, 'end': 4, 'waiting': 0, 'pulling': 3, 'migr_state': 0}"
Service_6,59,6,True,2.0,False,"{'status': 'finished', 'origin': 'None', 'target': 'EdgeServer_2', 'start': 1, 'end': 8, 'waiting': 0, 'pulling': 7, 'migr_state': 0}"
Service_1,60,1,True,1.0,False,"{'status': 'finished', 'origin': 'None', 'target': 'EdgeServer_1', 'start': 2, 'end': 3, 'waiting': 0, 'pulling': 1, 'migr_state': 0}"
Service_2,60,2,True,,False,
Service_3,60,3,True,4.0,False,"{'status': 'finished', 'origin': 'None', 'target': 'EdgeServer_4', 'start': 1, 'end': 8, 'waiting': 0, 'pulling': 7, 'migr_state': 0}"
Service_4,60,4,True,5.0,False,"{'status': 'finished', 'origin': 'None', 'target': 'EdgeServer_5', 'start': 1, 'end': 1, 'waiting': 0, 'pulling': 0, 'migr_state': 0}"
Service_5,60,5,True,3.0,False,"{'status': 'finished', 'origin': 'None', 'target': 'EdgeServer_3', 'start': 1, 'end': 4, 'waiting': 0, 'pulling': 3, 'migr_state': 0}"
Service_6,60,6,True,2.0,False,"{'status': 'finished', 'origin': 'None', 'target': 'EdgeServer_2', 'start': 1, 'end': 8, 'waiting': 0, 'pulling': 7, 'migr_state': 0}"
